region_city,plor_cd_range
강원도 강릉시,"210000,210003,210010,210020,210030,210040,210050,210060,210070,210080,210090,210100~210102,210110~210112,210120,210130,210140,210150,210160,210170,210180,210190,210200,210210,210220,210230,210240,210250,210260,210270,210280,210290,210300,210310,210320,210330,210340,210350,210360,210370,210380,210390,210600,210701~210715,210721~210722,210730~210738,210740~210741,210745~210747,210750~210759,210761~210762,210768,210771~210774,210780~210784,210791~210793,210795,210799~210811,210820~210824,210830~210834,210840~210843,210850~210853,210860~210865,210899,210910~210914,210920~210949,210951"
강원도 고성군,"219000,219700,219705,219800~219804,219810~219813,219820~219823,219830~219833,219839,219900~219904"
강원도 동해시,"240000,240010,240020,240030,240041~240044,240050,240060,240070,240080,240090,240100,240110,240120,240130,240140,240150,240160,240170,240180,240190,240200,240210,240220,240230,240240,240250,240260,240270,240280,240290,240300,240310,240320,240330,240340,240350,240360,240600,240701~240702,240711~240719,240722,240725~240727,240729,240733~240736,240799~240818,240899,245799,245899"
강원도 삼척시,"235900~235914,235920~235921,245000,245010,245020,245030,245040,245050,245060,245070,245080,245090,245100,245110,245120,245130,245140,245150,245160,245170,245180,245190,245200,245210,245220,245230,245240,245250,245260,245270,245600,245701,245703,245711~245728,245781~245783,245800~245805,245810~245813,245820~245823,245825~245826,245830~245842,245900~245914,245920~245922,245930~245946"
강원도 속초시,"217000,217010,217020,217030,217040,217050,217060,217070,217080,217090,217100,217110,217120,217130,217600,217701~217704,217711,217750~217763,217800~217813"
강원도 양구군,"255000,255800~255815,255820~255822,255830~255833,255840~255843"
강원도 양양군,"215000,215701~215703,215709~215710,215800~215807,215810~215816,215820~215825,215829~215836,215840~215843,215850~215854,215859"
강원도 영월군,"230000,230711~230716,230800~230812,230820~230824,230830~230845,230850~230855,230860~230863,230870~230874,230880~230890,230900~230903,233829"
강원도 원주시,"220000,220003,220010,220020,220030,220040~220042,220050,220060,220070,220080,220090,220100,220110,220120~220122,220130,220140,220150,220160,220170,220180,220600,220700~220807,220809~220814,220820~220824,220830~220836,220838~220844,220850~220853,220860~220864,220870~220871,220873~220874,220876,220884~220885,220898~220899,220901~220904,220910~220913,220920~220926,220930~220945,220947~220948,220950~220965,220970~220974"
강원도 인제군,"250819,252000,252700,252710,252800~252808,252810~252816,252819~252827,252829~252833,252840~252847,252849~252854,252902~252903,252921,252923~252924,252940~252942"
강원도 정선군,"233000,233701,233703,233800~233817,233820~233828,233830~233836,233840~233848,233850~233853,233860~233866,233870~233879,233900~233909"
강원도 철원군,"209839,269000,269701~269705,269800~269807,269810~269824,269830~269833,269840~269846,269849~269852,269860~269861,269911~269914,487839,487868"
강원도 춘천시,"200000,200010,200020,200030,200041~200043,200050,200060,200070,200080,200090~200093,200100,200111~200114,200120,200130,200140,200150,200160~200163,200170,200180,200190,200200,200210,200220,200230,200240,200600,200700~200723,200750~200765,200767~200772,200774~200783,200789,200810~200812,200820~200824,200829~200835,200840~200843,200850~200854,200860~200864,200870~200874,200880~200882,200910~200915,200920~200922,200930~200964,200969,200972,200992~200993,209824~209828,209838,250826,250857~250858"
강원도 태백시,"235000,235010~235013,235019~235022,235030,235040,235050,235060,235070,235100~235103,235110,235120,235200~235202,235210,235220,235230,235240,235250,235260,235270,235280,235290,235600,235701~235708,235711~235719,235800~235803"
강원도 평창군,"232000,232700,232711,232800~232817,232820~232825,232910~232918,232920~232925,232930~232937,232940~232956"
강원도 홍천군,"250000,250701~250704,250711,250721,250751,250800~250816,250820~250824,250830~250835,250840~250846,250850~250856,250860~250864,250870~250875,250880~250885,250889~250895,250901~250911,250921~250923,250930~250936"
강원도 화천군,"209000,209800~209815,209819~209823,209830~209835,209840~209842"
강원도 횡성군,"225000,225700~225704,225800~225815,225820~225825,225830~225835,225840~225844,225850~225854,225860~225863,225870~225874,225880~225882,225891"
경기도 가평군,"477000,477701~477713,477800~477806,477809~477816,477820~477824,477830~477834,477839~477843,477850~477855"
경기도 고양시,"410000,410003,410050,410314~410315,410330,410340,410350~410352,410360~410362,410380~410382,410530,410540,410550,410560,410570,410600~410605,410700,410702,410705,410708~410710,410713~410731,410734~410735,410738~410742,410744~410746,410751~410755,410757,410759~410761,410767~410774,410776~410779,410781~410795,410799,410810~410821,410828~410831,410834~410839,410842~410843,410902,410904~410911,411000,411003,411050,411310~411314,411320,411330,411340,411350~411352,411360,411370~411372,411380~411382,411410,411420,411430,411440,411450,411530,411540,411550,411560,411570,411600,411701~411789,411799~411843,411902,411904,411910~411912,412010~412013,412020~412022,412030,412040,412060,412070,412080,412090,412110,412120,412130,412140,412150,412160,412170,412180,412190,412210,412220~412223,412230,412240,412250,412260,412270~412272,412280,412290,412470,412480,412490,412500,412510~412511,412520,412600,412701~412767,412779,412791,412799~412827,412835~412836"
경기도 과천시,"427000,427010,427020,427030,427040,427050,427060,427070,427080,427090,427100,427600,427701~427741,427800~427806,427817"
경기도 광명시,"423000,423010~423017,423030~423034,423050~423052,423060~423064,423070,423080,423090,423100,423600,423700~423776,423782,423800~423860,423881,423890"
경기도 광주시,"464000,464010,464020,464030,464040,464050,464060,464070,464080,464090,464100,464110,464120,464130,464701~464731,464740,464742~464744,464746~464749,464751~464752,464754,464756~464757,464759~464760,464763,464788~464789,464800~464816,464838,464840~464842,464844,464850~464851,464857,464860~464865,464870~464887,464889~464896,464901~464903,464909,464921~464926"
경기도 구리시,"471000,471010,471020~471022,471030~471033,471040,471050,471060,471070,471080,471090,471600,471701~471773,471778,471800~471841,471851,471853~471861"
경기도 군포시,"435000,435010~435012,435020,435030,435040~435042,435044~435045,435047,435050,435055,435058,435060,435070,435080,435090,435600,435701~435768,435770~435777,435800~435827,435829~435857,435859~435863,435870~435871,435877,435882~435884,435889,435919,435938"
경기도 김포시,"415000,415010,415020,415030,415040,415050,415060,415070,415701~415770,415774~415779,415800~415815,415821~415825,415828~415835,415837~415845,415849~415855,415860~415889"
경기도 남양주시,"472000,472010,472030,472040,472050,472060,472070,472080,472100,472120,472140,472701~472817,472820~472826,472830~472836,472840~472854,472860~472868,472870~472908,472910~472914,472918~472921,472925~472938,472941~472945,472948,472952~472971,476809,480799"
경기도 동두천시,"482839,482869,483000,483010,483020,483030~483032,483040,483050,483060,483070,483080,483090,483100,483110,483120,483130,483600,483701~483723,483730,483738~483743,483745~483746,483749,483751~483755,483777,483800~483802,486859"
경기도 부천시,"420000,420010~420013,420020~420024,420030~420033,420050,420100~420102,420110~420112,420120,420130,420140,420600,420700~420724,420726~420737,420743,420746~420749,420751~420774,420776,420800~420867,421003,421150,421160,421170,421180,421190~421192,421200~421202,421210,421220,421601~421602,421705,421740~421742,421750~421754,421800~421828,421831,422040~422042,422060,422070,422080,422090,422103,422230~422233,422240~422241,422600,422701~422717,422742,422749~422762,422764~422765,422800~422827,422830~422831,422833~422834,422837~422843"
경기도 성남시,"436959~436960,461000,461140,461160~461163,461180~461182,461190~461194,461200,461210,461250,461260,461300,461310,461320,461330,461340,461350,461360,461370,461380,461600,461700~461709,461711~461714,461720~461734,461798~461833,462080,462090,462100,462110,462120~462123,462130,462150~462152,462170,462240~462242,462701~462716,462721~462736,462743,462800~462824,462826~462840,462850,462901,463003,463010,463020,463030,463040,463050,463060,463070,463400,463410,463420,463430,463440,463450,463460,463470,463480,463490,463500,463600~463608,463700~463874,463876,463901~463949,463954~463955,463957~463958"
경기도 수원시,"440000,440040,440050,440150~440152,440180,440200,440210,440240,440250,440260,440290,440300~440303,440310,440320,440330,440420,440600,440701~440730,440732~440738,440745~440747,440775,440800~440870,441081~441083,441090,441100,441110~441113,441130,441220,441230,441235,441340,441350,441360,441390,441400,441410,441430,441440,441450,441460,441470,441480,441701,441703~441708,441710~441723,441726~441766,441789,441800~441886,442003,442010,442021~442023,442030,442040,442060,442070,442081~442083,442090,442120,442130,442140,442150~442152,442160,442170,442180,442190~442192,442220,442270,442280,442370~442374,442380,442390,442400,442420,442470,442600,442701~442766,442773~442777,442780~442785,442791~442793,442800~442838,442843~442847,442849~442853,442857~442874,442880~442883,443003,443270,443280,443370~443374,443380,443390,443400,443470~443472,443701~443722,443725~443727,443731~443734,443736~443740,443742~443746,443749,443751,443753~443761,443765~443774,443777,443780,443791~443798,443800~443818,443821~443824,443848,443851~443855"
경기도 시흥시,"429000,429010,429020,429030,429040,429050,429060,429070,429080,429090,429100,429110,429120,429130,429230,429240,429250~429252,429260,429270,429280,429290,429300,429310,429320,429400,429410,429420,429430,429440,429450~429455,429460,429600,429700~429889,429897~429907,429911~429916,429921~429939,429941~429942"
경기도 안산시,"425000~425001,425020~425022,425030,425040,425050,425060,425070,425080,425090,425099~425100,425110,425120,425130~425132,425140~425143,425150,425160,425170~425172,425180~425183,425190,425200,425210,425220,425310,425320,425330,425340,425350,425400,425410,425420,425430,425600,425701~425870,425873~425882,425900~425908,426040,426050,426060,426070,426150,426160,426170~426173,426180~426183,426190,426200,426210,426220,426400,426410,426420,426701,426703,426706~426707,426729~426753,426767~426773,426785~426791,426807~426825,426829,426837,426853~426863,426871~426872,426894~426896,426900~426901,426906~426910"
경기도 안성시,"456000,456010,456020,456030,456040,456050,456060,456070,456080,456090,456100,456110,456120,456130,456140,456150,456210,456220,456230,456240,456250,456260,456270,456280,456290,456310,456320,456330,456340,456350,456360,456370,456380,456390,456600,456701,456703~456728,456745,456747,456749,456756,456763~456765,456767,456771~456772,456775~456776,456780~456782,456810~456812,456820~456826,456830~456833,456840~456844,456850~456853,456860~456863,456870~456874,456880~456883,456890~456894,456910~456915,456920~456922,456930~456934"
경기도 안양시,"430000,430010~430019,430030~430032,430040~430043,430600,430701~430734,430736,430738~430739,430742,430749~430760,430800~430857,431003,431050~431054,431058,431060~431062,431065,431070,431075~431076,431080~431083,431085~431086,431088,431600~431602,431607,431700~431849,431900~431904,431908~431910"
경기도 양주군,"482820~482824,482850~482858"
경기도 양주시,"482000,482010,482020,482030,482040,482050,482060,482070,482080,482090,482100,482110,482120,482130,482140,482150,482160,482170,482701~482712,482719~482737,482739~482741,482777~482778,482810~482813,482830~482838,482840~482845,482860~482863,482870~482874,482879,482911~482913,482931~482939,482941~482942,487809"
경기도 양평군,"476000,476701~476706,476751,476800~476806,476810~476813,476820~476824,476830~476833,476840~476845,476850~476853,476860~476863,476870~476874,476880~476884,476890~476893,476910~476913,476920~476922"
경기도 여주군,"469000,469701~469724,469726~469730,469800~469807,469809~469813,469820~469823,469830~469832,469840~469844,469850~469856,469860~469863,469870~469873,469880~469885,469890~469892"
경기도 연천군,"486000,486701~486709,486800~486803,486810,486820~486823,486830~486833,486850~486852,486860,486870,486880~486882,486890,486900~486909"
경기도 오산시,"447000,447010,447050,447060,447130,447140,447150,447160,447170,447180,447190,447200,447210,447220,447230,447240,447250,447260,447270,447280,447290,447300,447310,447320,447330,447600,447700~447747,447749~447750,447756,447791,447800~447805"
경기도 용인시,"446000,446505~446530,446556~446562,446565~446599,446700~446703,446705~446726,446728~446781,446785~446788,446790~446799,446848,446850~446862,446891~446892,446901~446917,446920,446930~446931,446936~446943,446950~446956,446958~446962,446967,446976,446980,446998~446999,448110,448120,448130~448132,448140,448150,448160~448162,448170~448172,448500~448550,448552~448554,448556,448564,448610,448701~448703,448705~448706,448710~448714,448717,448721,448723~448724,448727,448737~448739,448744~448769,448783~448785,448791,448793~448796,448801~448813,448821~448823,448830~448838,448846,448854,448918,448925~448926,448935,448943~448944,448946~448947,448949~448950,448953~448954,448971~448972,448974,448978,448980~448987,448989~448994,449000,449010,449020,449030,449040,449050,449060,449070,449080,449090,449100,449110,449120,449130,449140,449150,449160~449162,449170~449172,449510~449562,449564~449568,449570~449600,449610,449701~449788,449790~449799,449803~449804,449807,449809~449816,449820~449828,449830~449836,449840,449842~449846,449850~449856,449860~449865,449870~449873,449880~449885,449900~449916,449920~449943,449950~449962,449967~449968,449971~449976,449978,449980~449987,449989~449994"
경기도 의왕시,"437000,437010,437020,437030,437040,437050,437060,437070,437080~437082,437090,437110,437120,437701~437757,437763~437772,437800~437838,437841~437848,437858"
경기도 의정부시,"480000,480003,480010~480013,480020~480022,480030,480040,480050,480060,480070~480072,480080,480090,480100~480103,480110,480120,480130,480600,480700~480798,480800~480873,480901~480946"
경기도 이천시,"467000,467010,467020,467030,467040,467050,467060,467070,467080,467090,467100,467110,467120,467130,467140,467150,467600,467701~467748,467755~467756,467772~467773,467775~467776,467791,467800~467808,467810~467814,467820~467822,467830~467833,467840~467845,467847,467850~467857,467859~467868,467870~467873,467877~467883,467890~467892,467900~467906,467909"
경기도 파주시,"413000,413010~413012,413020,413030,413040,413050,413060,413600,413610,413700~413758,413769,413771~413788,413790~413791,413793~413795,413800~413816,413818~413826,413830~413836,413840~413843,413850~413855,413859~413865,413870~413876,413880~413883,413900~413907,413910~413914,413920,413930,413940,413950"
경기도 평택시,"450000,450010,450020,450030,450040,450050,450060,450070,450080,450090,450100,450110,450120,450130,450140,450150~450152,450600,450701~450704,450706,450710~450711,450716~450746,450758~450766,450802~450811,450815~450820,450826~450833,451701~451704,451712~451713,451725~451726,451741,451761~451770,451780~451783,451800~451808,451810~451813,451820~451824,451830~451833,451840~451843,451850~451852,451860~451865,451870~451873,451880~451885,451890,459010,459020,459030,459040,459050,459060,459070,459080,459090,459100,459110,459120~459122,459600,459701~459705,459707~459711,459714~459715,459718~459723,459731~459737,459744~459759,459799~459801,459812~459814,459821~459825"
경기도 포천군,"487801~487802,487806~487808"
경기도 포천시,"487000,487010,487020,487030,487040,487050,487060,487701~487731,487800,487803~487805,487810~487818,487820~487827,487830~487832,487840~487843,487850~487857,487860~487863,487869~487873,487880~487883,487890~487894,487910~487914,487920~487922,487930~487933,487939"
경기도 하남시,"465000,465010~465013,465030~465032,465060,465070,465080,465090,465100,465110,465120,465130,465140,465150,465160,465170,465180,465190,465200,465210,465220,465230,465240,465250,465260,465701~465717,465720~465725,465800~465813,465815~465819"
경기도 화성시,"445000,445010,445020,445030,445040,445050,445060,445070,445080,445090,445100,445110,445120,445130,445140,445150,445160,445170,445300,445310,445320,445330,445340,445350,445360,445370,445380,445390,445400,445701~445735,445737~445780,445782~445783,445785~445799,445801~445805,445807~445813,445828,445830~445833,445839~445843,445860~445862,445870~445874,445880~445883,445890~445899,445901~445906,445910~445947,445949~445977,445982~445995"
경상남도 거제시,"656000,656040,656050,656080,656130~656132,656210,656220~656221,656230,656300~656306,656610,656701~656702,656710~656711,656714,656720,656750~656764,656770~656777,656779,656781~656782,656786,656790,656792~656794,656800~656808,656810~656815,656820~656823,656830~656836,656840~656843,656850~656853,656860~656863,656870~656876,656880~656884,656890~656894,656900~656910,656914,656916,656918,656921~656924"
경상남도 거창군,"670000,670800~670813,670820~670823,670830~670833,670840~670843,670850~670853,670860~670862,670870~670873,670880~670883,670890~670893,670910~670914,670920~670922"
경상남도 고성군,"638000,638800~638807,638810~638813,638820,638830~638833,638840~638843,638910~638912,638920~638923,638930~638933,638940~638942,638950~638953,638960~638962,638970~638972,638980~638982,638990~638992"
경상남도 김해시,"621000,621010,621020,621030,621040,621050,621060,621070,621080,621090,621100,621110,621120,621130,621140,621150,621160,621170,621180,621190,621200,621210,621220,621600,621701~621703,621705,621711~621725,621731,621741~621781,621800~621808,621810~621813,621820~621823,621830~621834,621840~621843,621870~621874,621880~621884,621890~621893,621900~621922"
경상남도 남해군,"668000,668800~668806,668810~668813,668820~668823,668830~668834,668840~668843,668850~668854,668860~668863,668870~668873,668880~668883,668890~668893"
경상남도 마산시,"630010~630012,630020,630030,630040~630042,630490~630492,630500,630510~630512,630520~630522,630600,630650,630701,630705,630711~630714,630716~630720,630723~630725,630728~630729,630750~630762,630764~630766,630768~630774,630776,630778~630791,630794,630800~630827,630850~630859,631050~631052,631060,631070,631080,631090,631100,631110,631120,631130,631140,631150,631160~631165,631170,631180~631182,631190,631200,631210,631220,631230,631240,631250,631260~631262,631270,631280,631290,631300,631310,631320,631330,631340~631343,631350~631353,631360,631370,631380,631390~631395,631400,631410,631420~631423,631430,631440~631442,631450,631460,631470,631480~631482,631600,631701~631717,631750~631777,631810~631818,631820~631823,631830~631834,631840~631843,631850~631872"
경상남도 밀양시,"627000,627110~627111,627120,627130,627140,627150,627162,627171,627600,627701~627709,627750~627759,627800~627806,627810~627813,627820~627825,627830~627834,627840~627843,627850~627854,627860~627863,627870~627874,627880~627883,627890~627895,627900~627906,627910~627914"
경상남도 사천시,"664000,664010,664020,664030,664040,664050,664060,664070,664080,664090,664100,664110,664120,664130,664140,664150,664160,664170,664180,664190,664200,664210,664220,664230,664240,664250,664260,664270,664600,664701~664713,664800~664812,664820~664827,664830~664840,664880,664910~664917,664920~664925,664927,664930~664932,664940~664943,664950~664953"
경상남도 산청군,"666000,666800~666808,666810~666813,666820~666823,666830~666834,666910~666913,666920~666922,666930~666934,666940~666944,666950~666953,666960~666963,666970~666972"
경상남도 양산시,"626000,626010,626020,626030,626040,626050,626110,626120,626130,626140,626210,626220,626230,626240,626250,626260,626270,626280,626290,626300,626310,626320,626600,626701~626703,626705~626707,626712,626716,626718~626720,626723~626725,626727~626732,626740,626749~626785,626790~626795,626800~626801,626810~626814,626820~626825,626830~626837,626840~626856,626860~626863"
경상남도 의령군,"636000,636800~636805,636810~636812,636820~636822,636830~636832,636840~636842,636910~636912,636920~636922,636930~636932,636940~636942,636950~636952,636960~636964,636970~636972,636980~636982"
경상남도 진주시,"660000,660003,660010,660020,660030,660040,660050~660052,660070,660080,660100,660110,660120,660140,660150,660160,660170,660180,660200~660202,660220,660230,660240,660250,660260~660262,660280,660290,660300,660310,660320~660322,660330~660332,660340,660360,660380,660390,660400,660600,660701~660704,660720~660725,660728~660729,660741,660750~660751,660756~660794,660796,660800~660816,660820~660822,660830~660833,660840~660845,660850~660853,660860~660863,660870~660872,660880~660882,660890~660892,660900~660913,660920~660923,660929~660933,660940~660943,660950~660953,660960~660962,660970~660973,660980~660998"
경상남도 진해시,"645000,645010~645016,645020,645030~645035,645040,645050~645051,645060,645070,645080,645090,645100,645110,645120,645130,645140,645150,645160,645170,645180,645190,645200,645210,645220,645230,645240,645250,645260,645270,645280,645290,645300,645310,645320,645330,645340,645350,645360,645370,645380,645390,645400,645410,645420,645430,645440,645450,645460,645470,645480,645490,645500,645510,645520,645530,645600,645701~645708,645731,645750~645779,645795~645798,645800~645808"
경상남도 창녕군,"635000,635700,635800~635808,635810~635812,635820~635822,635830~635833,635860~635863,635870~635872,635880~635882,635890~635893,635900~635908,635910~635913,635920~635925,635930~635933,635939~635943,635950~635952"
경상남도 창원시,"630000,641000,641003,641010,641020,641030,641040~641042,641050,641060,641070,641080,641090~641091,641100,641110~641111,641120,641130,641140,641150,641160,641170,641180,641190,641200,641210,641220,641230,641240~641242,641250,641260,641270,641280,641290,641300,641315,641330,641340,641350,641360,641370,641380,641390,641400,641410,641420,641430,641440,641450,641460,641465,641470,641480,641490,641500,641510,641520,641530,641540,641550,641560,641600,641700~641851,641860~641865,641870~641874,641900~641911,641913~641924,641930~641948,641955~641961,641965~641970"
경상남도 통영시,"650000,650010,650020,650030,650040,650050,650060,650070,650080,650090,650100,650110,650120,650130~650132,650140,650150~650152,650160,650170~650172,650600,650750~650765,650800~650807,650810~650817,650820~650827,650830~650835,650910~650916,650920~650927,650930~650934,650940~650947"
경상남도 하동군,"667000,667800~667806,667810~667813,667820~667824,667830~667833,667840~667842,667850~667853,667860~667863,667870~667873,667880~667885,667890~667893,667910~667914,667920~667924,667930~667933"
경상남도 함안군,"637000,637700,637702~637708,637800~637806,637810~637813,637820~637824,637830~637833,637840~637842,637910~637913,637920~637924,637930~637932,637940~637943,637955"
경상남도 함양군,"676000,676701~676702,676800~676806,676810~676813,676820~676825,676830~676832,676840~676843,676850~676853,676860~676862,676870~676873,676880~676883,676890~676893,676910~676914"
경상남도 합천군,"678000,678700,678800~678807,678810~678813,678820~678823,678830~678833,678840~678843,678850~678853,678860~678862,678870~678873,678880~678883,678890~678896,678910~678913,678920~678923,678930~678933,678940~678943,678950~678952,678960~678964,678970~678973"
경상북도 경산시,"712000,712010,712020,712030,712040,712050,712060,712070,712080,712090,712100,712110,712120,712130,712140,712150,712160,712170,712180,712190,712200,712210,712220,712230,712240,712250,712260,712270,712280,712600,712700~712706,712711~712723,712730~712738,712749,712751~712787,712792~712795,712800~712804,712820~712826,712830~712838,712840~712844,712850~712854,712860~712863,712870~712873,712880~712883,712900~712913"
경상북도 경주시,"780000,780010,780020,780030,780040,780050,780060,780070,780080,780090,780100,780110,780120,780130,780140,780150,780160,780170,780180,780190,780200,780210,780220,780230,780240,780250,780260,780270,780280,780290,780300,780310,780320,780330,780340,780350,780360,780400,780410,780420,780430,780440,780450,780460,780470,780600,780701,780704~780705,780711~780715,780751~780776,780778~780779,780800~780810,780820~780827,780830~780834,780840~780844,780850~780853,780860~780862,780870~780875,780880~780883,780890~780894,780900~780905,780910~780914,780920~780924,780931~780957"
경상북도 고령군,"717000,717701~717705,717800~717804,717810~717812,717820~717822,717830~717832,717840~717842,717850~717853,717860~717862,717870~717873"
경상북도 구미시,"730000,730010~730012,730020~730022,730030~730032,730040~730042,730050,730060,730070~730072,730080,730090,730100,730110,730120,730130,730140,730150,730160,730170,730180,730200,730300,730310,730320,730330,730340,730350,730360,730370,730380,730390,730400,730410,730600,730700~730740,730743~730744,730746~730747,730750~730798,730800~730825,730830~730833,730840~730843,730850~730853,730860~730863,730870~730873,730901~730933"
경상북도 군위군,"716000,716701,716800~716804,716810~716813,716820~716823,716830~716833,716840~716843,716850~716852,716860~716863,716870~716873"
경상북도 김천시,"740000,740010,740020,740030,740040,740050,740060,740070,740080,740090,740100,740110,740120,740130,740140,740150,740160,740170,740180,740190,740200,740210,740600,740701~740708,740751~740770,740810~740813,740820~740823,740830~740833,740840~740842,740850~740853,740860~740863,740870~740873,740880~740882,740890~740892,740910~740913,740920~740924,740930~740933,740940~740943,740950~740953,740960~740962,740971~740983"
경상북도 문경시,"745000,745020,745030,745040,745050,745060,745120,745130,745140,745150,745220,745230,745240,745330,745340,745600,745701~745706,745800~745804,745810~745812,745820~745823,745830~745833,745840~745844,745850~745853,745860~745863,745870~745874,745881~745891,745900~745904"
경상북도 봉화군,"755000,755800~755806,755810~755813,755820~755824,755830~755833,755840~755847,755850~755853,755860~755864,755870~755874,755880~755886,755890~755893"
경상북도 상주시,"742000,742010,742020,742030,742040,742050,742060,742070,742080,742090,742100,742110,742120,742130,742140,742150,742160,742170,742180,742190,742200,742210,742220,742230,742240,742250,742260,742270,742280,742290,742300,742310,742320,742330,742340,742350,742360,742600,742701~742709,742711,742751~742759,742800~742804,742810~742813,742820~742823,742830~742833,742840~742844,742850~742853,742860~742863,742870~742873,742880~742882,742890~742893,742901~742906,742910~742913,742920~742924,742930~742933,742940~742942,742950~742954,742960~742963,742970~742972,742980~742983"
경상북도 성주군,"719000,719800~719804,719810~719814,719820~719823,719830~719834,719840~719844,719850~719853,719860~719863,719870~719872,719880~719883,719890~719894"
경상북도 안동시,"760000,760003,760010,760020,760030,760040,760050,760060,760070,760080,760090,760100,760110,760120,760130,760140,760150,760160,760170,760180,760190,760200,760210,760220,760230,760240,760250,760260,760270,760280,760290,760300,760310,760320,760330,760340,760350,760360,760370,760380,760390,760400,760410,760420,760600,760701~760709,760711~760714,760728,760749,760751~760759,760762~760764,760790,760799~760805,760810~760815,760820~760823,760830~760834,760840~760845,760850~760853,760860~760863,760870~760873,760880~760883,760890~760894,760901~760905,760910~760916,760920~760923,760930~760935,760940~760944"
경상북도 영덕군,"766000,766701~766706,766800~766805,766810~766815,766820~766824,766830~766834,766840~766843,766850~766853,766860~766864,766870~766873,766880~766882"
경상북도 영양군,"764000,764800~764806,764810~764813,764820~764823,764830~764833,764840~764844,764850~764854"
경상북도 영주시,"750000,750010~750012,750020~750022,750030,750040,750050~750053,750060,750070,750080,750090,750100,750110,750120,750130,750600,750701,750711~750712,750740,750751~750771,750800~750805,750810~750813,750820~750824,750830~750833,750840~750842,750850~750852,750860~750863,750870~750873,750880~750883,750890~750894,750901~750917"
경상북도 영천시,"770000,770010,770020,770030,770040,770050,770060,770070,770080,770090,770100,770110,770120,770130,770140,770150,770160,770170,770180,770190,770200,770210,770220,770230,770240,770250,770260,770270,770280,770290,770300,770600,770701~770705,770751~770762,770800~770805,770810~770814,770820~770823,770830~770833,770840~770846,770849~770853,770860~770864,770870~770873,770880~770884,770890~770894,770901~770906,770910~770913"
경상북도 예천군,"757000,757800~757807,757810~757813,757820~757823,757830~757833,757840~757844,757850~757853,757860~757863,757870~757872,757880~757883,757890~757893,757899,757910~757913,757920~757923"
경상북도 울릉군,"799000,799800~799805,799810~799813,799820~799823"
경상북도 울진군,"767000,767701,767800~767806,767810~767814,767830~767834,767840~767843,767850~767853,767860~767863,767870~767873,767880~767884,767890~767894,767900~767902"
경상북도 의성군,"769000,769700~769701,769800~769806,769810~769812,769820~769823,769830~769833,769840~769843,769850~769854,769860~769862,769870~769872,769880~769883,769890~769892,769910~769914,769920~769922,769930~769933,769940~769942,769950~769952,769960~769963,769970~769974,769980~769982"
경상북도 청도군,"714000,714701,714800~714807,714820~714822,714830~714833,714840~714843,714850~714853,714860~714864,714870~714873,714880~714883,714900~714903"
경상북도 청송군,"763000,763710~763711,763800~763804,763810~763817,763820~763824,763830~763834,763840~763844,763850~763853,763860~763864,763870~763874"
경상북도 칠곡군,"718000,718701~718704,718800~718807,718810~718814,718820~718824,718830~718833,718840~718845,718850~718852,718910~718913,718920~718923"
경상북도 포항시,"790000,790140,790150,790160,790190~790192,790230,790240,790300,790310,790320,790330,790340,790350,790360,790370,790380,790390,790400,790600,790701~790724,790727~790734,790751~790763,790784~790785,790790,790800~790805,790810~790812,790821~790842,790850~790855,790861~790863,790880~790885,790900~790910,790930~790934,791003,791010,791020,791030,791040,791050~791052,791060~791062,791070,791080,791090,791100,791110,791120,791130,791170~791172,791180,791200,791210,791220,791250,791260,791270,791280,791290,791600,791701~791716,791738,791751~791768,791771~791773,791776,791778~791780,791782~791787,791789,791792,791801~791824,791830~791832,791841~791849,791860~791863,791870~791873,791910~791915,791920~791923,791940~791950"
전라남도 강진군,"527000,527800~527806,527810~527813,527820~527823,527830~527833,527840~527842,527850~527853,527860~527863,527870~527872,527880~527885,527890~527892,527910~527912"
전라남도 고흥군,"548000,548701,548800~548805,548810~548814,548820~548822,548830~548834,548840~548843,548850~548854,548860~548863,548870~548873,548880~548884,548890~548895,548900~548913,548920~548924,548930~548936,548940~548944,548950~548952"
전라남도 곡성군,"516000,516800~516806,516810~516814,516820~516825,516830~516833,516840~516842,516850~516853,516860~516863,516910~516914,516920~516922,516930~516932,516940~516944"
전라남도 광양시,"545000,545010,545020,545030,545040,545050,545060,545070,545080,545090,545100,545600,545610,545701~545709,545711,545717,545720~545721,545723,545751~545787,545789,545800~545813,545820~545823,545825~545828,545830~545833,545840~545843,545850~545854,545860~545863,545870~545888,545893"
전라남도 구례군,"542000,542800~542806,542810~542812,542820~542822,542830~542835,542840~542843,542850~542853,542860~542863,542870~542873"
전라남도 나주시,"520000,520010,520020,520030,520040,520050,520060,520070,520080,520090,520100,520110,520120,520130,520140,520150,520160,520170,520180,520200,520210,520220,520230,520240,520250,520260,520270,520280,520290,520300,520310,520320,520330,520340,520600,520610,520620,520701,520710~520711,520713~520715,520751~520756,520810~520815,520820~520824,520830~520834,520840~520845,520850~520855,520860~520863,520870~520873,520880~520883,520890~520893,520910~520914,520920~520923,520930~520934,520940~520943,520951~520952"
전라남도 담양군,"517000,517800~517806,517810~517812,517820~517822,517830~517832,517840~517843,517850~517853,517860~517863,517870~517872,517880~517883,517890~517892,517910~517915,517920~517923"
전라남도 목포시,"530000,530010,530020,530030,530040,530050,530060~530063,530070~530073,530080~530084,530090~530092,530100~530102,530110~530112,530120,530130,530140,530150~530152,530160~530162,530170~530172,530180~530183,530190~530193,530200~530203,530210,530220,530230,530240,530250~530252,530260,530270,530280,530290,530300,530310,530320,530330,530340,530350~530353,530360~530362,530370,530380,530390,530400,530410,530420,530430,530440,530450,530460,530470,530480,530490,530500,530510,530600,530701~530711,530716~530718,530728~530730,530734~530735,530741~530743,530748,530751~530779,530800~530846"
전라남도 무안군,"534000,534700~534703,534729,534800~534804,534810~534814,534820~534823,534830~534834,534840~534844,534850~534853,534860~534863,534870~534875,534900~534904"
전라남도 보성군,"546000,546700~546701,546800~546806,546810~546812,546820~546822,546830~546833,546840~546843,546850~546853,546860~546863,546870~546874,546880~546882,546900~546914,546920~546924"
전라남도 순천시,"540000,540003,540010,540020,540030,540040,540050,540060,540070,540080,540090,540100,540110,540120,540130,540140,540150,540160,540170,540180,540190,540200,540210,540220,540230,540240,540250,540260,540270,540280,540290,540300,540310,540320~540322,540330,540600,540701~540702,540704~540706,540708~540748,540750~540793,540795~540804,540807~540808,540810~540815,540819~540825,540830~540832,540840~540844,540850~540856,540860~540863,540870~540874,540910~540913,540920~540922,540930~540933,540941~540972,540975~540979"
전라남도 신안군,"530145,530847~530848,535000,535800~535807,535810~535817,535820~535824,535830~535838,535840~535847,535850~535852,535860~535863,535870~535873,535880~535885,535890~535898,535910~535926,535930~535936,535940~535943"
전라남도 여수시,"550000,550010,550020,550030,550040,550050,550060,550070,550080,550090,550100,550110,550120,550130,550140,550150,550160,550170,550180,550190,550200,550210,550220,550230,550240,550250,550260,550270,550600,550702,550704~550706,550728,550749,550751~550787,550800~550819,550831~550833,555010,555020,555030,555040,555050,555060,555070,555080,555090,555100,555110,555120,555130,555200,555210,555220,555230,555240,555250,555260,555270,555280,555290,555300,555701~555719,555750~555752,555800~555809,556810~556814,556820~556825,556830~556856,556890~556897,556900~556906"
전라남도 영광군,"513000,513700,513800~513808,513810~513812,513820~513822,513830~513832,513840~513843,513850~513853,513860~513865,513870~513874,513880~513886,513890~513893,513900~513905"
전라남도 영암군,"526000,526003,526701~526705,526751,526756,526800~526806,526810~526816,526820~526823,526830~526834,526840~526844,526850~526854,526860~526862,526870~526874,526880~526883,526890~526898,526910~526913"
전라남도 완도군,"527913,536928~536929,536935,537000,537800~537818,537820~537826,537830~537836,537840~537853,537860~537864,537870~537874,537880~537883,537900~537907,537909~537914,537920~537922,537925~537926,548990~548994"
전라남도 장성군,"515000,515751,515799~515806,515810~515813,515820~515824,515830~515832,515840~515845,515850~515854,515860~515864,515870~515874,515880~515883,515890~515895,515910~515913"
전라남도 장흥군,"529000,529800~529807,529810~529812,529820~529823,529830~529833,529840~529842,529850~529853,529860~529863,529870~529875,529880~529883,529900~529903"
전라남도 진도군,"539000,539800~539806,539810~539814,539820~539823,539830~539835,539840~539844,539850~539855,539910~539919"
전라남도 함평군,"525000,525800~525805,525810~525814,525820~525823,525830~525833,525840~525843,525850~525852,525860~525863,525870~525873,525880~525884"
전라남도 해남군,"536000,536800~536813,536820~536824,536830~536833,536840~536843,536850~536854,536860~536865,536870~536874,536880~536885,536890~536894,536910~536912,536920~536926,536930~536934,536940~536943"
전라남도 화순군,"519000,519751~519758,519760,519800~519813,519820~519823,519830~519833,519840~519842,519850~519853,519860~519863,519870~519873,519880~519883,519890~519893,519910~519913,519920~519923,519930~519933"
전라북도 고창군,"579894,585000,585700,585711~585713,585800~585813,585820~585824,585830~585833,585840~585843,585850~585853,585860~585864,585870~585874,585880~585883,585890~585894,585910~585914,585920~585924,585930~585934,585940~585944"
전라북도 군산시,"573000,573010,573020,573030,573041~573043,573050,573060,573070,573080,573090,573100,573110,573120,573130,573140,573150,573160,573170,573180,573190,573200,573210,573220,573230,573240,573250,573260,573270,573280,573290,573300,573310,573320,573330,573340,573350~573353,573360,573370,573380,573390,573400,573410,573420,573430,573440,573450,573500,573510,573520,573530,573540,573600,573701~573704,573706~573709,573711~573719,573729~573731,573733~573749,573751~573799,573802~573803,573810~573823,573830~573833,573840~573843,573850~573853,573860~573885,573888,573891~573892,573900~573903,573910~573914,573920~573923,573930~573933,573940~573943,573950~573952"
전라북도 김제시,"576000,576010,576020,576030,576040,576050,576060,576070,576080,576090,576100,576110,576120,576130,576140,576150,576160,576170,576180,576190,576200,576210,576220,576300,576310,576320,576330,576340,576350,576360,576370,576600,576701~576704,576710~576711,576800~576807,576820~576822,576830~576833,576840~576843,576850~576853,576860~576864,576870~576874,576880~576884,576890~576893,576910~576914,576920~576924,576930~576933,576940~576944,576950~576953,576960~576964,576970~576974"
전라북도 남원시,"590000,590010,590020,590030,590040,590050,590060,590070,590080,590090,590100,590110,590120,590130,590140,590150,590160,590170,590180,590190,590200,590210,590220,590230,590600,590701~590704,590711,590751~590763,590810~590812,590820~590823,590830~590835,590840~590843,590850~590853,590860~590863,590870~590872,590880~590883,590890~590892,590910~590912,590920~590922,590930~590933,590940~590942,590950~590953,590960~590963,590970~590972,590980~590990"
전라북도 무주군,"568000,568701,568800~568806,568810~568816,568820~568823,568830~568834,568840~568845,568850~568852"
전라북도 부안군,"579000,579700~579703,579800~579807,579810~579814,579820~579824,579830~579833,579840~579843,579850~579856,579860~579863,579870~579873,579880~579883,579890~579893,579910~579915,579920~579923,579930~579934"
전라북도 순창군,"595000,595800~595805,595810~595812,595820~595823,595830~595832,595840~595842,595850~595852,595860~595862,595870~595873,595880~595883,595890~595893,595910~595912"
전라북도 완주군,"565000,565003,565701~565705,565800~565806,565810~565814,565820~565824,565830~565833,565840~565845,565850~565854,565860~565864,565870~565872,565880~565883,565890~565892,565900~565907,565909~565913,565920"
전라북도 익산시,"570000,570010,570020~570022,570030,570040,570050~570052,570060,570070,570080,570090~570092,570100,570110,570120~570123,570130,570140,570150,570160,570170,570180,570190,570200,570210,570300,570310,570320,570330,570340,570350,570360,570370,570380,570390,570600~570601,570701~570705,570710~570711,570721~570726,570728~570729,570731~570735,570738~570746,570749~570778,570780,570800~570806,570810~570814,570820~570823,570830~570832,570840~570843,570850~570853,570860~570863,570870~570872,570880~570883,570890~570894,570910~570914,570920~570924,570930~570934,570940~570946,570950~570998"
전라북도 임실군,"566000,566700,566800~566806,566810~566813,566820~566823,566830~566832,566840~566845,566850~566852,566860~566863,566870~566872,566880~566882,566890~566895,566910~566913,566920~566922"
전라북도 장수군,"597000,597800~597805,597810~597814,597820~597823,597830~597832,597840~597843,597850~597853,597860~597862"
전라북도 전주시,"560000,560011~560014,560020~560023,560031~560033,560040,560043,560051~560054,560060,560070,560080,560090,560100~560102,560110,560120,560130,560140,560151~560152,560170,560241~560243,560251~560252,560260,560270,560281~560283,560285,560287,560291~560293,560295,560297,560500,560510,560600,560700~560799,560802~560813,560815~560830,560832~560889,560891~560896,560898~560899,560912~560915,560921~560928,561090,561160~561162,561180~561182,561191~561192,561201~561204,561211~561213,561221~561223,561225,561227,561230~561232,561301~561302,561311~561312,561320,561330,561340,561350,561360,561370,561380,561390,561400,561410,561420,561430,561440,561450,561600,561700~561844,561849~561854,561856~561858,561870~561872"
전라북도 정읍시,"580000,580010,580020,580030,580040,580050,580060~580063,580070,580080,580090,580100,580110,580120,580130,580140,580150,580160,580170,580180,580185,580190,580200,580210,580220,580230,580240,580300,580310,580600,580701,580712,580751~580756,580758~580759,580800~580807,580810~580814,580820~580823,580830~580833,580840~580844,580850~580853,580860~580864,580870~580873,580880~580884,580890~580893,580900~580905,580910~580913,580920~580924,580930~580933,580940~580943,580950~580953"
전라북도 진안군,"567000,567800~567807,567810~567813,567820~567823,567830~567833,567840~567842,567850~567852,567860~567862,567870~567872,567880~567883,567890~567893,567910~567913"
제주특별자치도 남제주군,"699800~699805,699810~699814,699820~699823,699830~699835"
제주특별자치도 북제주군,"695750~695754,695800~695805,695810~695814,695820,695830~695835,695840~695844,695850~695852"
제주특별자치도 서귀포시,"697010~697014,697020,697030,697040,697050,697060,697070,697080,697090,697100,697110,697120,697130,697301,697310,697320,697330,697340,697350,697360,697370,697380,697390,697600,697700~697705,697800~697825,699701,699900~699905,699910~699915,699920~699923,699930~699937,699940~699945"
제주특별자치도 제주시,"690003,690010~690012,690020~690022,690029~690032,690040~690043,690050,690060~690062,690070~690073,690080~690082,690090,690100,690110,690120~690122,690130,690140,690150,690160~690163,690170,690180,690190~690192,690200,690210,690220,690230~690232,690240~690242,690600,690610,690700~690744,690750~690751,690755~690756,690760,690762,690764~690766,690769~690784,690789~690790,690800~690842,690846,690850,695791~695795,695900~695909,695911~695918,695920~695929,695931~695934,695940~695952,695960~695966,695970~695976,695980"
제주특별자치도도 서귀포시,"697000,699000"
제주특별자치도도 제주시,"690000,695000"
충청남도 계룡시,"321000,321003,321701,321754~321765,321900,321910~321912,321914~321917,321920,321923~321926,321929~321935"
충청남도 공주시,"314000,314010,314020,314030,314040,314050,314060,314070,314080,314090,314100,314110,314120,314130,314140,314150,314160,314170,314180,314190,314200,314210,314220,314230,314240,314600,314701~314702,314711~314717,314751~314759,314800~314805,314810~314814,314820~314825,314830~314835,314840~314844,314850~314854,314860~314865,314870~314874,314880~314883,314890~314896,314910~314914,314920~314924,314929"
충청남도 금산군,"312000,312700~312706,312800~312807,312820~312824,312830~312833,312840~312844,312850~312854,312890~312894,312910~312913,312920~312924,312930~312933,312940~312944"
충청남도 논산시,"320000,320003,320010,320020,320030,320040,320050,320060,320070,320080,320090,320110,320120,320600,320701~320702,320711,320751~320759,320800~320804,320810~320812,320820~320823,320830~320844,320850~320854,320860~320863,320870~320875,320880~320883,320900~320905,320910~320917,320920~320923,320930~320933,320940~320944,320950~320954"
충청남도 당진시,"343000,343711,343751~343757,343800~343816,343820~343827,343830~343835,343840~343845,343850~343856,343860~343863,343870~343873,343880~343884,343890~343895,343900~343907,343910~343914"
충청남도 보령시,"355000,355010~355012,355020,355030,355040,355050,355060,355070,355080,355090,355110,355120,355130,355140,355150,355600,355701~355705,355751~355773,355800,355810~355814,355820~355823,355830~355832,355840~355855,355860~355863,355870~355873,355880~355884,355890~355894,355910~355912,355920~355923,355930~355944"
충청남도 부여군,"323000,323700~323701,323751~323753,323800~323816,323820~323824,323830~323832,323840~323843,323850~323852,323860~323862,323870~323872,323880~323882,323890~323893,323910~323913,323920~323923,323930~323933,323940~323943,323950~323953,323960~323962"
충청남도 서산시,"356000,356010,356020,356030,356040,356050,356060,356070,356080,356090,356100,356110,356120,356130,356140,356600~356601,356701~356707,356711~356715,356751~356776,356800~356807,356810~356815,356820~356826,356828,356830~356835,356840~356844,356850~356853,356860~356863,356870~356878,356880~356883,356890~356895,356980~356984"
충청남도 서천군,"325000,325701,325800~325806,325810~325815,325820~325823,325830~325832,325840~325844,325850~325853,325860~325862,325870~325872,325880~325884,325890~325894,325900~325908,325910~325912,325920~325922"
충청남도 아산시,"336000,336010~336012,336020,336030,336040,336050,336060,336070,336080,336090,336110,336120,336130,336140,336150,336160,336170,336180,336190,336210,336600,336700~336712,336714,336716~336719,336721~336724,336729~336732,336737,336745,336750~336790,336792~336793,336795,336797,336799,336810~336814,336820~336824,336830~336834,336840~336844,336850~336858,336860~336865,336870~336875,336880~336885,336890~336893,336910~336914,336920~336923"
충청남도 연기군,"339700~339703,339705,339751~339752,339755~339761,339800~339807,339810~339814,339819~339824,339830~339835,339840~339843,339850~339854,339860~339863,339870~339872,339881~339887"
충청남도 예산군,"340000,340701~340702,340751~340755,340800~340813,340820~340823,340830~340832,340840~340843,340850~340854,340860~340864,340900~340905,340910~340915,340920~340924,340930~340935,340940~340943"
충청남도 천안시,"330000,330003,330010,330020,330030,330040,330050,330060,330070~330072,330080,330090~330093,330100,330110,330120,330130,330140,330150,330160,330170~330172,330180,330190,330200,330210,330220,330230,330240,330250~330252,330260,330270,330280,330290,330300,330600,330700~330722,330725,330727~330730,330733,330741~330786,330788~330797,330800~330817,330820~330827,330830~330836,330838,330840~330847,330849~330854,330860~330863,330868~330873,330875,330880~330882,330890~330893,330910~330913,330920~330923,330930~330955,331003,331090~331093,331120,331170~331172,331200,331210,331220,331230,331240,331280,331290,331300,331700~331703,331706~331707,331709,331717~331718,331722~331724,331726,331731~331732,331734~331740,331747~331765,331776~331792,331796,331798~331805,331807~331808,331810~331837,331839,331855~331858,331864~331866,331932~331937,331945~331950,331955~331964"
충청남도 청양군,"345000,345701~345702,345800~345805,345810~345814,345820~345823,345830~345833,345840~345842,345850~345853,345860~345862,345870~345872,345880~345882,345890~345893"
충청남도 태안군,"357000,357701,357711~357712,357900~357908,357910~357914,357920~357923,357930~357935,357940~357945,357950~357954,357960~357966,357970~357972"
충청남도 홍성군,"350000,350701~350704,350751~350756,350800~350814,350820~350824,350830~350834,350840~350844,350850~350854,350860~350864,350870~350873,350880~350883,350890~350894,350900~350907"
충청북도 괴산군,"367000,367701,367800~367805,367810~367812,367820~367823,367830~367834,367840~367847,367850~367852,367860~367863,367870~367872,367880~367883,367890~367893,367900~367908,367910~367913,367920~367922"
충청북도 단양군,"395000,395800~395806,395810~395813,395820~395823,395830~395837,395840~395843,395850~395853,395860~395863,395900~395905"
충청북도 보은군,"376000,376701,376800~376807,376810~376812,376820~376823,376830~376832,376840~376842,376850~376853,376860~376864,376870~376873,376880~376882,376890~376893,376910~376912"
충청북도 영동군,"370000,370701~370702,370800~370813,370820~370823,370830~370832,370840~370842,370850~370854,370860~370864,370870~370872,370880~370883,370890~370893,370910~370914"
충청북도 옥천군,"373000,373800~373813,373820~373822,373830~373833,373840~373843,373850~373853,373860~373864,373870~373874,373880~373883"
충청북도 음성군,"369000,369700~369703,369711,369751~369755,369800~369807,369810~369812,369820~369824,369830~369834,369840~369843,369850~369854,369860~369863,369870~369873,369900~369906"
충청북도 제천시,"390000,390011~390012,390020,390030,390040,390050,390060,390070,390080,390090,390100,390110,390120,390130,390140,390150,390160,390170,390180,390190,390200,390210,390220,390230,390240,390250,390260,390270,390280,390290,390600,390701~390705,390711,390751~390776,390810~390814,390820~390824,390830~390832,390840~390843,390850~390853,390860~390862,390870~390875,390880~390883,390890~390899"
충청북도 증평군,"368000,368701~368703,368810~368812,368900~368910"
충청북도 진천군,"365000,365700~365701,365800~365808,365810~365812,365820~365824,365830~365834,365840~365843,365850~365853,365860~365863"
충청북도 청원군,"363000,363781~363783,363789,363791~363797,363810~363813,363820~363823,363830~363834,363840~363844,363849~363853,363860~363862,363870~363874,363880~363886,363890~363894,363910~363914,363920~363923,363930~363935,363939~363944,363950~363955"
충청북도 청주시,"360000,360011~360013,360020,360030,360041~360042,360050,360060,360070,360081~360082,360090,360100~360102,360112,360120,360130,360170~360172,360181~360183,360185~360188,360190~360192,360200,360210,360215,360220,360225~360227,360560,360565~360568,360600,360700~360707,360712~360717,360728,360730~360737,360760,360764~360782,360784~360791,360793,360800~360826,361003,361100~361102,361110~361111,361140,361150~361152,361160,361201~361202,361205~361206,361230,361240,361250,361260,361270~361272,361280,361290,361300~361302,361310,361320,361330,361340,361350,361360,361370,361380~361382,361390,361400,361410,361420,361430,361440,361450,361460,361470,361480,361490,361500,361510,361520,361530,361540,361550,361600,361700~361867,367702~367704"
충청북도 충주시,"380000,380010,380020,380030,380040,380050,380060~380062,380070,380080,380090,380100,380110,380120,380130,380140,380150,380160,380170,380180,380190,380200,380210,380220,380230,380240,380250,380260,380600,380700~380708,380751~380757,380759~380763,380765~380774,380776~380781,380810~380814,380820~380823,380829~380833,380840~380844,380850~380852,380860~380865,380870~380874,380880~380884,380890~380893,380910~380913,380920~380922,380930~380933,380940~380943,380950~380967"
